name,food_type,address,latitude,longitude,pincode,details_url,hygiene_rating,rating
The Indian Heat,"Arabian,Chinese,Indian,North Indian"," F-105, Shivalik Plaza, IIM road, Panjarapole Cross Rd, Ambawadi, Ahmedabad",23.028276,72.542432,380051,https://www.eazydiner.com/ahmedabad/the-indian-heat-ambavadi-west-ahmedabad-673076,3.7,4
The Chocolate Room,"Bakery,Cafe,Desserts","Reliance Market, Near Namaste Circle, Shahibagh, Ahmedabad",23.044467,72.588089,380004,https://www.eazydiner.com/ahmedabad/the-chocolate-room-shahibagh-north-ahmedabad-673596,5,5
HOP,"Bakery,Desserts","DoubleTree by Hilton, Ambli Road, Vikram Nagar, Ahmedabad",23.0281731,72.5016222,380058,https://www.eazydiner.com/ahmedabad/hop-doubletree-by-hilton-ahmedabad-661742,3,4.3
 The Cafe Baraco,"Beverages,Cafe,Chinese,Fast Food","Shop 1 & 2, Upper Level, Corporate House, Pakwan Cross Road, Bodakdev, Ahmedabad

",23.038465,72.5127539,380054,https://www.eazydiner.com/ahmedabad/the-cafe-baraco-bodakdev-west-ahmedabad-647240,,
7 Star Cafe,"Beverages,Cafe,Chinese,Fast Food,Pizza,Sandwiches","Vittal Complex, Top Floor, New CG Rd, opp. Sakar School, Chandkheda, Ahmedabad",23.10947652,72.59045006,382424,https://www.eazydiner.com/ahmedabad/7-star-cafe-chandkheda-north-ahmedabad-684260,5,5
Smash Cafe,"Beverages,Cafe,Fast Food,North Indian,Multicuisine","YMCA Club, Mumatpura, Near Sandesh Bunglow, Bopal, Ahmedabad",23.008354,72.488486,380058,https://www.eazydiner.com/ahmedabad/smash-cafe-bopal-west-ahmedabad-682152,5,4.5
One Bite,"Beverages,Cafe,Fast Food,Pizza,Burgers","Shop 10, Ground Floor, Malabar County 2, Near Nirma University, Gota, Ahmedabad

",23.087777,72.532441,382470,https://www.eazydiner.com/ahmedabad/one-bite-gota-north-ahmedabad-674430,4.5,4.5
Cafe Monarch,"Beverages,Cafe,Fast Food,Shakes","Sun Avenue One, 10, Maa Anandmayi Marg,  Ayojan Nagar, Satellite  Ahmedabad",23.01608418,72.53804274,380015,https://www.eazydiner.com/ahmedabad/cafe-monarch-satellite-west-ahmedabad-684759,,
Roastery Cultur - The Coffee Company,"Beverages,Coffee and Tea","41 Spring Field Row House, Judges Bunglow Rd, Bodakdev, Ahmedabad
",23.0349294,72.5215537,380054,https://www.eazydiner.com/ahmedabad/roastery-cultur-the-coffee-company-bodakdev-west-ahmedabad-683378,2,3.3
Kaffee Mast Hai,Cafe,"Shree Balaji Agora Mall, Chandkheda, Ahmedabad
",23.1182447,72.6247286,382424,https://www.eazydiner.com/ahmedabad/kaffee-mast-hai-chandkheda-north-ahmedabad-653037,5,4.6
The Hideout Cafe,Cafe,"Gf 1 Saffron Complex, opp. Central Mall, Ambawadi, Ahmedabad",23.0216397,72.5546564,380006,https://www.eazydiner.com/ahmedabad/the-hideout-cafe-ambavadi-west-ahmedabad-684304,,
Java+,Cafe,"Courtyard By Marriott, Ramdevnagar Cross Road, Satellite, Ahmedabad",23.0277,72.5119,380015,https://www.eazydiner.com/ahmedabad/java-courtyard-by-marriott-satellite-west-ahmedabad-642022,5,4.4
Harmony Resto Cafe,Cafe,"ala Business Centre -1, C G Road, Umashankar Joshi Marg, Opposite HDFC Bank, Near St. Xavier's College, Navrangpura, Ahmedabad",23.032874,72.55581,380009,https://www.eazydiner.com/ahmedabad/harmony-resto-cafe-navrangpura-west-ahmedabad-682263,4.8,4.6
Mill & Co. - Renaissance hotel,Cafe,"Renaissance Hotel, Behind Ganesh Meridian, SG Highway, Sola, Ahmedabad",23.0758598,72.5269275,380061,https://www.eazydiner.com/ahmedabad/mill-co-renaissance-hotel-sola-west-ahmedabad-652501,,4.8
Aroma ,Cafe,"Crowne Plaza, Shapath 5, S G Road, Satellite, Ahmedabad",23.0146,72.5042,380015,https://www.eazydiner.com/ahmedabad/aroma-crowne-plaza-satellite-west-ahmedabad-642071,5,4.7
Chai Hai Na,Cafe,"23, Marigold, Sobo Center Main Road, Bopal, Ahmedabad

",23.017197,72.475818,380058,https://www.eazydiner.com/ahmedabad/chai-hai-na-bopal-west-ahmedabad-682097,5,5
The Cafe Baraco,Cafe,"34, Shribhuvan Complex, Near Memnagar Fire Station, Navrangpura , Ahmedabad",23.044267,72.550541,380052,https://www.eazydiner.com/ahmedabad/the-cafe-baraco-navrangpura-west-ahmedabad-643091,4,4.3
"The Cafe Baraco	",Cafe,"20, Ground Floor, Block S-2, Maple Trade center Sal hospital road, Surdhara Cir, Ahmedabad
",23.0571298,72.5286871,380054,https://www.eazydiner.com/ahmedabad/the-cafe-baraco-memnagar-west-ahmedabad-682892,4,3.5
Caferita Cafe,Cafe,"G-2, City Square, Science City Rd, opp. Science City, Sola, Ahmedabad ",23.0815259,72.4984526,380060,https://www.eazydiner.com/ahmedabad/caferita-cafe-sola-west-ahmedabad-684302,,
Brewer Cafe & Restro,Cafe,"Shop no B/2, Nilamber Complex, H.L, Commerce College Rd, Navrangpura, Ahmedabad",23.03485357,72.55477851,380009,https://www.eazydiner.com/ahmedabad/brewer-cafe-restro-navrangpura-west-ahmedabad-683832,,
Recess Cafe,Cafe,"Armoise Hotel, Opposite Nirman Bhavan, C G Road, Ahmedabad",23.037635,72.5659119,380009,https://www.eazydiner.com/ahmedabad/recess-armoise-hotel-c-g-road-west-ahmedabad-642744,4.5,4.5
Melt In,"Cafe,Desserts","Celebration city centre, Block C, Shop No. 5B, Ground Floor, South Bopal, Ahmedabad",23.02350318,72.4719399,380058,https://www.eazydiner.com/ahmedabad/melt-in-bopal-west-ahmedabad-683949,,4.5
Hobnob Bistro,"Cafe,Fast Food","Sindhubhavan Marg, PRL Colony, Bodakdev, Ahmedabad",23.04084,72.5002982,380054,https://www.eazydiner.com/ahmedabad/hobnob-bistro-bodakdev-west-ahmedabad-682786,4.9,4.4
Coffee Culture,"Cafe,Fast Food,Pizza,Pasta,Multicuisine","Shop-19, Maple Trade Center,Thaltej, Ahmedabad

",23.969139,72.5401046,380054,https://www.eazydiner.com/ahmedabad/coffee-culture-thaltej-west-ahmedabad-682074,5,4.6
Melt In,"Cafe,Ice Cream","Shop No-11 & 12,Circle B, S.G highway Bodakdev, Ahmedabad",23.0381614,72.5121367,380054,https://www.eazydiner.com/ahmedabad/melt-in-bodakdev-west-ahmedabad-642461,,4.7
Cafe Piano,"Cafe,Italian","The Grand Bhagwati, S.G. Highway, Bodakdev, Ahmedabad",23.0423111,72.5143587,380054,https://www.eazydiner.com/ahmedabad/cafe-piano-the-grand-bhagwati-bodakdev-641600,4.8,4.4
Eleven 11 Restro Cafe,"Cafe,Italian,North Indian","SILVER RADIANCE, 106-107, Sindhu Bhavan Marg, near PAKWAN CROSS ROADS, PRL Colony, Thaltej, Ahmedabad
",23.038756,72.51093,380054,https://www.eazydiner.com/ahmedabad/eleven-11-restro-cafe-bodakdev-west-ahmedabad-653448,5,4
Unlocked Cafe,"Cafe,North Indian,Continental","Dwarkesh Complex, Off C G Road, Navrangpura, Ahmedabad",23.03291,72.557778,380009,https://www.eazydiner.com/ahmedabad/unlocked-navrangpura-west-ahmedabad-644130,4.6,4.3
Tent Cafe Rooftop Restro,"Chinese,European","5th Floor Shri Vardhman house H.L College, Road, Navrangpura, Ahmedabad",23.03150243,72.55525246,380009,https://www.eazydiner.info/ahmedabad/tent-cafe-rooftop-restro-navrangpura-west-ahmedabad-684082,,5
Lil' Heaven Cafe,"Chinese,Italian,Mexican,North Indian","108/109, Harmony Icon Complex, Baghban Crossroad, Zydus Hospital Road, Thaltej, Ahmedabad",23.0533452,72.500532,380059,https://www.eazydiner.com/ahmedabad/lil-heaven-cafe-thaltej-west-ahmedabad-658410,1,3.8
The Nourish Multi Cuisine Restaurant,"Chinese,Italian,Mexican,North Indian,Thai,Multicuisine,Continental","Beside Baleshwar Avenue, Sarkhej - Gandhinagar Hwy, Ahmedabad",23.034091,72.510163,380054,https://www.eazydiner.com/ahmedabad/the-nourish-multi-cuisine-restaurant-bodakdev-west-ahmedabad-682443,4.5,4.4
China Hut,"Chinese,North Indian"," G-10, Sahjananand Plaza, Freniben Desai Marg, Bhatta, Paldi, Ahmedabad",23.00592666,72.55553915,380007,https://www.eazydiner.com/ahmedabad/china-hut-paldi-central-ahmedabad-684116,,
Mainland China,"Chinese,Pan Asian","Gulmohar Park, 4th Floor, Satellite, Ahmedabad",23.0267103,72.5091812,380015,https://www.eazydiner.com/ahmedabad/mainland-china-satellite-west-ahmedabad-642417,4.7,4.2
Latte@work,"Coffee and Tea,Juices,Shakes","Courtyard by Marriott Sindhu Bhawan Road, Sindhu Bhawan Road, Bodakdev, Ahmedabad",23.5554849,72.5120739,380045,https://www.eazydiner.com/ahmedabad/latte-at-work-courtyard-by-marriott-bodakdev-ahmedabad-674333,5,5
Sugarless Life,Desserts,"GF/4, Dynamic House, Besides HDFC Bank, Vijay Cross Rd, Navrangpura, Ahmedabad
",23.0437673,72.5498829,380009,https://www.eazydiner.com/ahmedabad/sugarless-life-navrangpura-west-ahmedabad-668421,4,4.7
Fruitose,"Desserts,Shakes","Shop 3-4, Food Orbit Karnavati, Mumatpura, Club Road, Bopal, Ahmedabad

",23.020111,72.503433,380058,https://www.eazydiner.com/ahmedabad/fruitose-bopal-west-ahmedabad-684209,5,5
Wind & Water,European,"Fortune Landmark, Usmanpura, Ashram Road, Ahmedabad",23.0477549,72.5702789,380013,https://www.eazydiner.com/ahmedabad/wind-water-fortune-landmark-ashram-road-643838,4,4.6
Gamysticafe,"European,Italian","FF 5, Aeon Complex, Vijay Cross Roads, Navrangpura, Ahmedabad",23.043193,72.5494252,380014,https://www.eazydiner.com/ahmedabad/gamysticafe-navrangpura-west-ahmedabad-657336,4.7,4.4
Wat A Burger!,Fast Food,"Shop 7A, Pakwan, Circle B, Pakwan Restaurant, Complex, Crossroad, Bodakdev, Ahmedabad",23.03820378,72.51216046,380024,https://www.eazydiner.com/ahmedabad/wat-a-burger-bodakdev-west-ahmedabad-684543,,
CafÃ© Farmland,"Fast Food,Italian,Street Food","Karnavati Club Rd, Mumatpura, Ahmedabad",23.00889828,72.48602301,380054,https://www.eazydiner.com/ahmedabad/cafe-farmland-bopal-west-ahmedabad-684447,,
Agashiye ,Gujarati,"The House Of MG, Opposite Sidi Saiyed Jali, Lal Darwaja, Ahmedabad",23.0272292,72.5813361,380001,https://www.eazydiner.com/ahmedabad/agashiye-the-house-of-mg-lal-darwaja-641635,4.7,4.6
Jalaram Khichdi Restaurant,Gujarati,"Cross road, 25,First Floor, Amrapali Axiom, Sardar Patel Ring Rd, Bopal, Ahmedabad",23.026723,72.476992,380058,https://www.eazydiner.com/ahmedabad/jalaram-khichdi-restaurant-bopal-west-ahmedabad-682290,5,5
Samaroh,"Gujarati,Indian,Rajasthani","Grand Mercure, Gandhinagar Gfit City, Gandhinagar
",23.160638,72.688708,382355,https://www.eazydiner.com/ahmedabad/samaroh-grand-mercure-gandhinagar-gift-city-ahmedabad-684184,,
Fit O'clock,Healthy Food,"303/304, 3rd Floor, S Square,Thaltej, Ahmedabad

",23.0489264,72.5090578,380059,https://www.eazydiner.com/ahmedabad/fit-oclock-thaltej-west-ahmedabad-682859,5,4.5
R Kitchen,Indian,"Renaissance Hotel, SG Highway, Sola, Ahmedabad",23.075224,72.5264399,380060,https://www.eazydiner.com/ahmedabad/r-kitchen-renaissance-hotel-sola-west-ahmedabad-652515,4.8,4.3
Midas The Bistro,"Indian,Continental","beside Zodiac Marquis, behind Rajpath Rangoli Road, Bodakdev, Ahmedabad
",23.0357178,72.506101,380059,https://www.eazydiner.com/ahmedabad/midas-the-bistro-bodakdev-west-ahmedabad-683456,4.8,4.5
Cafe Patio,"Indian,Italian","Hotel Binori, S.G Highway, Thaltej, Ahmedabad",23.053692,72.518108,380058,https://www.eazydiner.com/ahmedabad/cafe-patio-thaltej-west-ahmedabad-663123,4.5,4.4
Tinello,"Indian,Italian,Asian","Hyatt Regency, 17/A, Ashram Road, Ahmedabad",23.0435673,72.5701414,380014,https://www.eazydiner.com/ahmedabad/tinello-hyatt-regency-ashram-road-641222,5,4.5
Essence,"Indian,North Indian","Crowne Plaza, Shapath 5, S.G. Road, Satellite, Ahmedabad",23.0146384,72.5038544,380015,https://www.eazydiner.com/ahmedabad/essence-crowne-plaza-satellite-642072,5,4.4
Tephra Lounge,"Italian,Mexican,North Indian,Thai","Opposite Sterling Cancer Hospital, Bodakdev, Ahmedabad
",23.041546,72.509697,380054,https://www.eazydiner.com/ahmedabad/tephra-lounge-bodakdev-west-ahmedabad-648439,4.6,4.3
The Great Kabab Factory,"Mughlai,Kababs,Afghani","Radisson Blu, Near Panchvati Cross Road, Off C.G. Road, Ambavadi, Ahmedabad",23.0233592,72.5567821,380006,https://www.eazydiner.com/ahmedabad/the-great-kabab-factory-radisson-blu-ambavadi-643103,5,4.6
Exquisito Multicuisine Restaurant,Multicuisine," 1st Floor - Amrakunj Arne,Chandkheda, Ahmedabad",23.11756411,72.61002377,382424,https://www.eazydiner.com/ahmedabad/exquisito-multicuisine-restaurant-chandkheda-north-ahmedabad-684627,,
Jacaranda,Multicuisine,"The  Ummed, International Airport Circle, Hansol, Ahmedabad",23.0823186,72.6159821,382475,https://www.eazydiner.com/ahmedabad/jacaranda-the-ummed-hansol-641643,5,4.2
Barbeque Nation ,Multicuisine,"2nd Floor, Saral Xperia, Sky forest Building, SP Ring Road, Ahmedabad ",23.133813,72.562128,382424,https://www.eazydiner.com/ahmedabad/barbeque-nation-chandkheda-north-ahmedabad-683984,3,3
Orchid by Fortune Inn Haveli,Multicuisine,"Fortune Inn Haveli, Plot 235, Sector 11, Gandhinagar",23.2172331,72.6491248,382011,https://www.eazydiner.com/ahmedabad/orchid-fortune-inn-haveli-restaurant-sector-11-gandhinagar-south-ahmedabad-640890,5,4.7
Timpani,Multicuisine,"Radisson Blu, Off C.G. Road, Ambavadi, Ahmedabad",23.0232843,72.5566951,380006,https://www.eazydiner.com/ahmedabad/timpani-radisson-blu-ambavadi-643148,5,4.2
Umami by Curries,Multicuisine," Shivalik Plaza, IIM Road, Vastrapur, Ahmedabad",23.0279,72.5426619,380015,https://www.eazydiner.com/ahmedabad/umami-by-curries-vastrapur-west-ahmedabad-658768,4.8,4.5
CafÃ© 1st Story,Multicuisine,"Old Vadaj Circle, Ashram Road, Ahmedabad",23.055793,72.572289,380013,https://www.eazydiner.com/ahmedabad/palms-kitchen-fairfield-by-marriott-ahmedabad-641835,4.8,4.5
Artisan,Multicuisine,"Off Cg Road, Ahmedabad, Navrangpura, Ahmedabad",23.039927,72.565354,380009,https://www.eazydiner.com/ahmedabad/artisan-regenta-antarim-navrangpura-west-ahmedabad-643922,5,4.2
Zodiac,Multicuisine,"FORTUNE SELECT SG HIGHWAY Nr. Sola Overbridge, S. G Highway, Ahmedabad",23.0641174,72.5219247,380054,https://www.eazydiner.com/ahmedabad/garden-cafe-the-fern-sola-640634,5,4.3
Sangam,Multicuisine,"Grand Mercure, Gandhinagar Gfit City, Gandhinagar",23.160638,72.688708,382355,https://www.eazydiner.com/ahmedabad/sangam-gujarat-international-finance-tec-city-ahmedabad-671176,5,4.5
Pol 21,Multicuisine,"Thaltej Cross Roads, Sarkhej - Gandhinagar Highway, Bhaikakanagar, Thaltej, Ahmedabad ",23.05416,72.517932,380054,https://www.eazydiner.com/ahmedabad/pol-21-thaltej-west-ahmedabad-663126,5,4.5
Parosa restaurant & Banquet Hall,Multicuisine,"1st floor , City Gold complex, Ashram Rd, Ahmedabad",23.03184526,72.57016053,380001,https://www.eazydiner.com/ahmedabad/parosa-restaurant-banquet-hall-ashram-road-central-ahmedabad-683593,4.5,4.5
FTV CafÃ© & Restro,Multicuisine,"Ground Floor, Bld Claywalls ,Zydus Hospital Rd, Thaltej, Ahmedabad",23.05543285,72.50402735,380059,https://www.eazydiner.com/ahmedabad/ftv-cafe-restro-thaltej-west-ahmedabad-684015,5,4.6
Prelude Restaurant ,Multicuisine,"101 Patron, Rajpath Rangoli Rd, opp. Kensville Golf Academy, Ahmedabad",23.034002,72.501822,380054,https://www.eazydiner.com/ahmedabad/prelude-restaurant-bodakdev-west-ahmedabad-673127,4.3,4.4
AB's - Absolute Barbecues,Multicuisine,"Shivalik Shilp, 2ND, Iskcon Cross Rd, Ahmedabad",23.028983,72.529402,380015,https://www.eazydiner.com/ahmedabad/abs-absolute-barbecues-shivalik-yash-naranpura-671284,4.4,4.5
DE'Ganges Restaurant & Cafe,Multicuisine,"Ganesh Meridian, C-3/4, Ground Floor, Kargil Cross Road, Sola, Ahmedabad",23.0754661,72.5260272,360060,https://www.eazydiner.com/ahmedabad/deganges-restaurant-cafe-sola-west-ahmedabad-684297,4.8,4.4
Indolian Gourmet Pizzeria,Multicuisine,"SILVER RADIANCE, 206-207, Sindhu Bhavan Marg, PRL Colony, Thaltej, Ahmedabad
",23.038756,72.51093,380054,https://www.eazydiner.com/ahmedabad/indolian-gourmet-pizzeria-bodakdev-west-ahmedabad-683302,4.9,4.4
The Green House,Multicuisine,"The House of MG, Lal Darwaja, Ahmedabad",23.0274782,72.5814774,380001,https://www.eazydiner.com/ahmedabad/green-house-the-house-of-mg-lal-darwaja-641657,4.4,4.6
FlavourQ,Multicuisine,"107, Anushree Accolade-II, Science City Rd,  Sola, Ahmedabad",23.07969247,72.50164679,380060,https://www.eazydiner.com/ahmedabad/flavourq-sola-west-ahmedabad-684054,5,5
MoMo CafÃ©,Multicuisine,"Courtyard By Marriott, Ramdevnagar Cross Road, Satellite, Ahmedabad",23.0277279,72.5120711,380015,https://www.eazydiner.com/ahmedabad/momo-cafe-courtyard-by-marriott-satellite-642483,4.6,4.1
D Mysterious Kitchen,Multicuisine,"F-1 to 6 Ridhi Siddhi Complex, University Rd, Gulbai Tekra Rd,Ahmedabad",23.03172743,72.54956702,380006,https://www.eazydiner.com/ahmedabad/d-mysterious-kitchen-gulbai-tekra-south-ahmedabad-684695,,
Blackettle Cafe,Multicuisine,": 9, Dev Atelier, Heren Cross Road, Prahlad Nagar, Ahmedabad, Gujarat

						",23.011539,72.507259,380015,https://www.eazydiner.com/ahmedabad/blackettle-cafe-prahlad-nagar-west-ahmedabad-673972,4.8,4.5
Urbane Restaurant,Multicuisine,"Near Gujarat College, Ellis Bridge, Ahmedabad",23.0256,72.5663,380006,https://www.eazydiner.com/ahmedabad/urbane-restaurant-urbane-the-hotel-ellis-bridge-644669,5,4.3
Rajdeep de kulche,Multicuisine,"No.16, Dev Aurum, Prahlad Nagar, Ahmedabad, Gujarat ",23.011984,72.5148689,380015,https://www.eazydiner.com/ahmedabad/rajdeep-de-kulche-prahlad-nagar-west-ahmedabad-683251,5,4.6
Leaf Restaurant,Multicuisine,"Always Hotel Riverview, Ashram Road, Ahmedabad",23.0270215,72.5717654,380009,https://www.eazydiner.com/ahmedabad/leaf-restaurant-ashram-road-central-ahmedabad-641782,4.5,4.6
Cherries,Multicuisine,"Silver Heights Hotel, Near Passport Office, Mithakhali, Six Roads, Navrangpura, Ahmedabad",23.0320404,72.5642979,380009,https://www.eazydiner.com/ahmedabad/cherries-silver-heights-hotel-navrangpura-644277,5,4.5
Wave,Multicuisine,"Doubletree by Hilton, Vikram Nagar, Ahmedabad, Gujarat 380054",23.0281298,72.5013486,380054,https://www.eazydiner.com/ahmedabad/wave-doubletree-by-hilton-ahmedabad-661745,4.7,4.3
Cafe Treat,Multicuisine,"The Pride Hotel, Judges Bungalow Road, Off S.G. Highway, Bodakdev, Ahmedabad",23.0382055,72.5142623,380054,https://www.eazydiner.com/ahmedabad/cafe-treat-the-pride-hotel-bodakdev-641942,4.5,4.5
On 10 Rooftop Restaurant,Multicuisine,"Hyatt, Lake, Amrapali Lakeview, A Wing, 10Th Floor, opposite Alpha One Mall, near Vastrapur, Vastrapur, Ahmedabad",23.0398399,72.5295506,380015,https://www.eazydiner.com/ahmedabad/on-10-rooftop-restaurant-vastrapur-west-ahmedabad-684739,,
Ashray The Restaurant,Multicuisine," Nr. Gandhi Ashram, Ashram Road, R.T.O. Circle, Ahmedabad",23.06311211,72.5817559,380027,https://www.eazydiner.com/ahmedabad/ashray-the-restaurant-ashram-road-central-ahmedabad-683529,4,4
 Mantra Restro,Multicuisine,"The Mantra, rajpath club, Bodakdev, Ahmedabad ",23.035928,72.509253,380054,https://www.eazydiner.info/ahmedabad/cafe-delight-bodakdev-west-ahmedabad-672938,5,4.7
Zodiac,Multicuisine,"Fortune Landmark, Usmanpura, Ashram Road, Ahmedabad",23.0477936,72.5701867,380013,https://www.eazydiner.com/ahmedabad/zodiac-fortune-landmark-ashram-road-640625,5,4.6
Coffee Culture,Multicuisine,"Third Floor, Shilp Epitome,Off Sindhu Bhavan, Bodakdev, Ahmedabad",23.035522,72.504159,380059,https://www.eazydiner.com/ahmedabad/coffee-culture-bodakdev-west-ahmedabad-682202,5,3.7
The Square,Multicuisine,"Novotel, Sarkhej - Gandhinagar Hwy, Satellite, Ahmedabad",23.023975,72.5068374,380015,https://www.eazydiner.com/ahmedabad/the-square-novotel-satellite-643170,4.9,4.5
Jail Cafe ,Multicuisine,"4, Pavan Appartment, Vijay Cross Rd, Navrangpura, Ahmedabad",23.042488,72.54993932,380009,https://www.eazydiner.com/ahmedabad/jail-cafe-navrangpura-west-ahmedabad-684135,5,5
Silver Leaf Bistro ,Multicuisine,"The Acropolis Mall, Thaltej, Ahmedabad",23.0488899,72.5159904,380001,https://www.eazydiner.com/ahmedabad/silver-leaf-bistro-restaurant-thaltej-west-ahmedabad-642982,5,4.5
Bliss Rooftop Cafe & Restaurant,Multicuisine,"Hotel Neelkanth Bliss, 5th Floor Swaminarayan Complex , Mahalaxmi Five Rd, Ahmedabad",23.00843261,72.56118642,380007,https://www.eazydiner.com/ahmedabad/bliss-rooftop-cafe-restaurant-hotel-neelkanth-bliss-ahmedabad-684032,5,3.7
Silver Leaf,Multicuisine,"Cama Hotel, Khanpur Road, Bhadra, Ahmedabad",23.032,72.5767,380001,https://www.eazydiner.com/ahmedabad/silver-leaf-cama-hotel-bhadra-642981,5,4.4
The Bent Spoon ,Multicuisine,"OYO Nami Residency, 80-A, 303-A, Ashram Road, Ahmedabad ",23.020697,72.570021,380009,https://www.eazydiner.com/ahmedabad/the-bent-spoon-hotel-nami-residency-ahmedabad-669918,4,4.3
Aureate Restaurant,Multicuisine,"El Dorado, Opposite Shree Krishna Shopping Center, Mithakali Six Roads, Navrangpura, Ahmedabad",23.0326979,72.5656404,380009,https://www.eazydiner.com/ahmedabad/aureate-restaurant-el-dorado-hotel-navrangpura-642030,4.4,4.2
Aura ,Multicuisine,"Courtyard By Marriott, Sindhu Bhawan Road, Bodakdev, Ahmedabad",23.036574,72.516504,380054,https://www.eazydiner.com/ahmedabad/aura-courtyard-by-marriott-bodakdev-ahmedabad-674332,4.8,4.7
Virescent Cafe,Multicuisine,"Virescent Cafe, Naranpura, Ahmedabad",23.05098162,72.56308871,380013,https://www.eazydiner.com/ahmedabad/virescent-cafe-naranpura-west-ahmedabad-684349,,
Amritsar Punjab Paratha,Multicuisine,"B/134,, FIRST FLOOR, SUMEL BUSINESS PARK-4, NR.KALUPUR BRIDGE, AMDUPURA, AHMEDABAD, Ahmedabad, Gujarat, 380001",23.02672266,72.54440252,380015,https://www.eazydiner.com/ahmedabad/amritsar-punjab-paratha-ambavadi-west-ahmedabad-684432,,
Massala Theoryy,Multicuisine,"12/A, Ground Floor, Circle B (next to Melt-In), Pakwan Cross Road, Bodakdev, Ahmedabad.
",23.038078,72.512402,380054,https://www.eazydiner.com/ahmedabad/massala-theoryy-bodakdev-west-ahmedabad-669625,5,3.8
Gardenia,Multicuisine,"Fortune Park, Opposite Gujarat College, Ellis Bridge, Ahmedabad",23.0239384,72.5670985,380006,https://www.eazydiner.com/ahmedabad/gardenia-fortune-park-ellis-bridge-641687,3,3.8
Express Cafe,Multicuisine,"Holiday Inn Express, Prahlad Nagar, Plot No.38/1, Prahlad Nagar, Ahmedabad",23.0114647,72.5103291,380015,https://www.eazydiner.com/ahmedabad/the-express-cafe-holiday-inn-express-ahmedabad-prahlad-nagar-668469,5,4.4
Silver Dew,Multicuisine,"Plot No-726 & 727, Ashram Road, Wadaj, Ahmedabad, Gujarat ",23.0587687,72.5775264,380027,https://www.eazydiner.com/ahmedabad/silver-dew-nava-vadaj-central-ahmedabad-642980,,4.5
Angat 22 Restaurant,Multicuisine," 1st Floor, Daffodils Plaza, Gala Gymkhana Rd, Chittavan, South Bopal, Bopal, Ahmedabad",23.0226,72.4715,380058,https://www.eazydiner.com/ahmedabad/angat-22-the-restaurant-banquet-bopal-west-ahmedabad-642159,,
"Ashray The Restaurant	",Multicuisine,"Near Rajpath Club, S G Highway, Bodakdev, Ahmedabad",23.0352,72.5107,380059,https://www.eazydiner.com/ahmedabad/ashray-bodakdev-west-ahmedabad-640470,,
Tre - Bistro in Serenity,Multicuisine,"Ram Krupa Complex, Thaltej, Ahmedabad",23.04865223,72.50423572,380059,https://www.eazydiner.com/ahmedabad/tre-bistro-in-serenity-thaltej-west-ahmedabad-683787,5,4
Celebration Restaurant,Multicuisine,"Kalupur Rd, Kapasia Bazar, Sakar Bazzar, Kalupur, Ahmedabad, Gujarat",23.0295786,72.599142,380002,https://www.eazydiner.com/ahmedabad/celebration-restaurant-sarovar-portico-kalupur-ahmedabad-682653,,2.5
Jalpaan Restaurant,Multicuisine," 1st Floor, Times Square Arcade, Thaltej- Silaj Main Road, Near Baghban Party Plot, Thaltej, Ahmedabad- .",23.0124885,72.5141423,380059,https://www.eazydiner.com/ahmedabad/jalpaan-restaurant-prahlad-nagar-west-ahmedabad-644430,4.7,4.5
Autograph,Multicuisine,"Armoise Hotel, Off C G Road, Stadium 5 Circle, Opposite Havmor Restaurant, Navrangpura, Ahmedabad",23.0374969,72.5663844,380009,https://www.eazydiner.com/ahmedabad/autograph-armoise-hotel-c-g-road-642079,5,3.8
Hashtag BBQ & Restaurant,"Multicuisine,Barbeque","Sun Square Building, Gandhinagar Road, Chandkheda, Ahmedabad",23.1069563,72.5988171,382424,https://www.eazydiner.com/ahmedabad/hashtag-barbeque-chandkheda-north-ahmedabad-658321,4.7,4.5
Barbeque Nation,"Multicuisine,Barbeque","1st Floor, Caspia Hotel, 100 Feet Road, Prahlad Nagar, Ahmedabad",23.0116,72.5106,380015,https://www.eazydiner.com/ahmedabad/barbeque-nation-prahlad-nagar-west-ahmedabad-641144,5,4.5
Bayleaf,North Indian,"Courtyard By Marriott, Ramdevnagar Cross Road, Satellite, Ahmedabad",23.0277846,72.511953,380015,https://www.eazydiner.com/ahmedabad/bayleaf-courtyard-by-marriott-satellite-642249,5,3.8
The Masala County,North Indian,"3rd Floor, Shree Balaji Agora Mall, Between Tapovan & Bhat Circles, 200 Ft SP Ring Road, Chandkheda, Ahmedabad",23.118564,72.6242023,382424,https://www.eazydiner.com/ahmedabad/masala-county-chandkheda-north-ahmedabad-642439,4.5,3.8
Saffron ,North Indian,"Shop No. 101-102, First Floor, Shaligram Lakeview, Ahmedabad
",23.1359312,72.5495397,382481,https://www.eazydiner.com/ahmedabad/saffron-adalaj-north-ahmedabad-682931,5,5
Earthen Oven,North Indian,"Fortune Landmark, Usmanpura, Ashram Road, Ahmedabad",23.04776,72.5701945,380013,https://www.eazydiner.com/ahmedabad/earthen-oven-fortune-landmark-ashram-road-640623,5,4.7
From The North,North Indian,"Ground Floor, Emerald Building, Choice Lane Road, C G Road, Ahmedabad
",23.0351569,72.5619105,380009,https://www.eazydiner.com/ahmedabad/from-the-north-c-g-road-west-ahmedabad-663265,5,4.2
Dhaba Amritsari,North Indian,"Shop No.9, Vardhman Complex, Pankaj Society, Bhatta, Paldi, Ahmedabad",23.00563005,72.55604216,380007,https://www.eazydiner.com/ahmedabad/dhaba-amritsari-paldi-central-ahmedabad-683576,3,4.1
Mirch Masala,North Indian,"Ganga Rachna Commercial Complex, Ground Floor, RTO Cir, nr. Gandhi Ashram ",23.092705,72.574062,380027,https://www.eazydiner.com/ahmedabad/mirch-masala-ashram-road-central-ahmedabad-673394,5,4.2
Riverview,"North Indian,Continental","Oswal Bhavan Rd, Old City, Khanpur, Ahmedabad",23.029078,72.579619,380001,https://www.eazydiner.com/ahmedabad/riverview-khanpur-ahmedabad-683013,5,5
Mr & Mrs Somani,"North Indian,Multicuisine","The Grand Bhagwati, Plot no 380,  S.G. Highway, Ahmedabad",23.042451,72.5142826,380054,https://www.eazydiner.com/ahmedabad/mr-mrs-somani-the-grand-bhagwati-bodakdev-642488,4.5,4.2
Sizzling Shihai,Pan Asian,"2nd Floor, Shree Balaji Agora Mall, Between Tapovan & Bhat Circles, Chandkheda, Ahmedabad",23.1183306,72.6244777,382424,https://www.eazydiner.com/ahmedabad/sizzling-shihai-shree-balaji-agora-mall-chandkheda-642853,4.8,4.2
Kuro,Pan Asian,"Renaissance Hotel Behind Ganesh Meridian, SG Highway, Sola, Ahmedabad",23.075133,72.5267364,380081,https://www.eazydiner.com/ahmedabad/kuro-sola-west-ahmedabad-655946,5,4.3
11 Inch Pie,"Pizza,Pasta","Show Room No 24, Dev Atelier, 100 Feet Anand Nagar Rd, Prahlad Nagar, Ahmedabad",23.0140231,72.5142381,380015,https://www.eazydiner.com/ahmedabad/11-inch-pie-prahlad-nagar-west-ahmedabad-683117,4,4
Dakshini24,South Indian,"Auda Garden Rd, Bodakdev, Ahmedabad

",23.0414856,72.5098445,380054,https://www.eazydiner.com/ahmedabad/dakshini24-bodakdev-west-ahmedabad-682854,4.6,4.5
Sizzling Barbeque,South Indian,"Pride Plaza Hotel, Judges Bungalow Road, Bodakdev, Ahmedabad",23.0379905,72.5143453,380054,https://www.eazydiner.com/ahmedabad/south-54-the-pride-hotel-ahmedabad-657555,5,4.6
